{"cameraMode":{"drawMode":0,"name":"Shaded","section":"Shading Mode"},"sceneLighting":false,"audioPlay":false,"sceneViewState":{"m_AlwaysRefresh":false,"showFog":true,"showSkybox":false,"showFlares":true,"showImageEffects":true,"showParticleSystems":true,"showVisualEffectGraphs":true,"m_FxEnabled":true},"in2DMode":false,"pivot":{"x":3.958982467651367,"y":3.1964266300201418,"z":0.0196533203125},"rotation":{"x":0.019807618111371995,"y":0.0014951942721381784,"z":-0.000028767442927346565,"w":0.9998029470443726},"size":0.8660253882408142,"orthographic":false}