{"cameraMode":{"drawMode":0,"name":"Shaded","section":"Shading Mode"},"sceneLighting":false,"audioPlay":false,"sceneViewState":{"m_AlwaysRefresh":false,"showFog":true,"showSkybox":false,"showFlares":true,"showImageEffects":true,"showParticleSystems":true,"showVisualEffectGraphs":true,"m_FxEnabled":true},"in2DMode":false,"pivot":{"x":0.21325969696044923,"y":-0.10885143280029297,"z":0.9176824688911438},"rotation":{"x":0.09590025246143341,"y":0.0730879008769989,"z":-0.007060048636049032,"w":0.9926735162734985},"size":0.9338681101799011,"orthographic":false}